{
    "loss": 6.336368083953857,
    "accuracy": 0.7016733884811401
}