{
    "loss": 4.072422027587891,
    "accuracy": 0.7963069677352905
}